idx,R_um,w_nm,g_nm,Lc_um,kappa2,t2,sum_k2_t2,runtime_s
0,14.005425823217506,467.8356699171832,229.75584200036923,1.2064144981837897,0.03802921632617131,0.9619810307755827,1.000010247101754,2128.1
1,13.73037971919007,456.3007867674234,163.49525124170685,0.5133709809201903,0.09973211447024154,0.9002002176348564,0.9999323321050979,2337.4
2,6.639976326525928,482.39502929605084,169.28834156569758,2.6920771881969627,0.09492524542547294,0.9050103318550546,0.9999355772805276,427.7
3,6.324194766649862,427.4525799723524,323.15244083821943,1.5482975798884515,0.014494639708256705,0.9855003817635993,0.999995021471856,355.0
4,7.592794836038368,460.28371404978293,259.0515367833642,1.9605209750548709,0.02611352084710737,0.9738896607982253,1.0000031816453325,518.4
5,7.758731720815547,403.4280708997294,216.7887582316879,2.319179929917363,0.19127412015355774,0.8085745010237223,0.99984862117728,894.4
6,10.046170104776298,493.34450269197504,214.72199581780401,0.6222622646382983,0.01829742936994192,0.9817099426600662,1.000007372030008,996.8
7,9.134523022485928,483.9936480140782,317.73015768371744,0.37703064172286194,0.002932724228951232,0.997076924310206,1.0000096485391572,813.8
8,8.473786383721217,497.1448756124273,331.37685078635076,1.800658040057232,0.0037489293516346864,0.996262645265799,1.0000115746174336,697.9
9,8.097933019721777,469.84228140369595,253.22121104562135,1.8331366253323431,0.02228408578873891,0.9777272062701678,1.0000112920589068,589.0
10,6.158926683568264,494.09858709154616,280.4155620749906,2.6054770849136224,0.01079628473122584,0.9892081811179425,1.0000044658491682,375.9
11,12.118279208042665,433.74007425521495,202.5521734207076,1.73197949350436,0.13261272880433272,0.8673688349726868,0.9999815637770195,2322.3
12,7.357813436671881,405.95884899248057,157.50038248968704,0.06203985814056216,0.1295445232675579,0.8704449997386987,0.9999895230062565,506.7
13,13.794390754687054,442.3648940487666,305.3951442557236,0.763704435561127,0.014626332115255049,0.9853823698208706,1.0000087019361257,1813.8
14,5.946059213429512,448.8151225084315,349.4175125078014,0.11784187040400165,0.0021090784074520854,0.9979050146785051,1.0000140930859571,290.2
15,5.069082716293652,490.6852162372018,343.4781828896617,2.8271875714114985,0.004125484465776286,0.995884822423447,1.0000103068892232,312.9
16,9.242767016666544,400.9300429152958,193.5033034968941,2.2935031188710866,0.3138331739435952,0.6859786903907457,0.9998118643343409,1394.0
17,9.993579617798344,426.17350543909924,303.27256386325195,0.16196695976721026,0.01284747734013539,0.9871562576367663,1.0000037349769018,854.9
18,13.155541026402465,432.84595940444717,183.09040524296222,2.919913506748625,0.26633630409841536,0.7335208514716817,0.999857155570097,3271.2
19,10.980501300465274,406.954340594319,235.17903269857797,0.4510063619308492,0.07178566698735875,0.9282070749533065,0.9999927419406652,1140.3
20,5.278268012431795,447.07002737199986,325.7749150638915,0.7395641925057685,0.004620278233616507,0.9953874178228586,1.000007696056475,258.7
21,13.53693498476378,481.0624002900507,292.8235027058481,2.9711326731092886,0.018830851529018224,0.9811772349066369,1.000008086435655,2107.2
22,6.841401712701333,463.539490051868,178.5320329053618,1.8939799765576413,0.08734191357207327,0.9126439017986102,0.9999858153706835,472.8
23,12.823717442588743,499.2062057789657,336.24369962855053,2.7731073379300692,0.005624324077952822,0.9943895482149222,1.000013872292875,1793.8
24,12.007955706134709,453.98406266809144,287.0083087411645,1.3773813959656553,0.019244151176442546,0.9807667009417241,1.0000108521181668,1371.4
25,10.435712356102583,486.04227680456097,315.5588751605853,2.0019264764157674,0.007719793836616623,0.9922904056487813,1.000010199485398,1026.1
26,14.421093561673793,415.1731454392521,273.1276604077342,1.4829849023846775,0.06572093138553765,0.9342407346764418,0.9999616660619794,3114.3
27,14.979918549551352,416.8695783405337,210.60093212569328,1.1748522897002982,0.1550766626316912,0.8447576760609204,0.9998343386926116,3365.3
28,11.602925703301947,419.62662589803773,245.0967800710865,2.1339616072442267,0.10852210130288943,0.8914002511389302,0.9999223524418196,1827.8
29,14.633641764617666,440.1677855084355,289.8662790009371,2.3982931974560975,0.04144999561130435,0.9585525258336299,1.0000025214449342,3346.2
30,10.711646256476515,471.5628195800941,278.8148153285838,2.661512037364337,0.022398707033528496,0.9776096239843632,1.0000083310178918,1161.2
31,11.449663713778772,411.47085245990723,256.95891161528004,0.9284672381958721,0.06254701025465143,0.9374226881120648,0.9999696983667161,1691.4
32,12.4784577150578,421.6924071412964,270.1225292977629,0.3171799926014502,0.03210154384320124,0.9678876183310867,0.999989162174288,1479.2
33,14.25394559589575,445.1106879072191,310.03785211882735,2.123574758060644,0.022881276179844375,0.9771235720639962,1.0000048482438406,2173.7
34,6.883633497241366,478.16186783970227,225.90526988645712,0.3073293750048476,0.01135325240228569,0.9886564468959278,1.0000096992982135,378.7
35,7.190279514408717,438.56102709509474,296.09238977093753,0.2142669967264953,0.0078011430887570355,0.9922056048523319,1.000006747941089,410.2
36,8.651356374779802,466.11046736855855,198.61846251107266,1.279957974845529,0.04958646238830619,0.9504214155793084,1.0000078779676145,662.6
37,12.616893445769781,489.53830816691595,188.22378364919018,1.3189899517600145,0.05263756923955582,0.9473723847518307,1.0000099539913865,1500.1
38,5.80411477312529,436.3457580342936,207.88093441193567,1.082984994185012,0.05054564339443858,0.9494154779096122,0.9999611213040508,312.1
39,5.566409628366873,450.70953617772517,263.6375224404713,0.8269595317551466,0.012842742635183474,0.9871587331718381,1.0000014758070215,274.5
40,8.310887302925854,460.59164198929665,161.54077503793798,0.9976617152389888,0.08488303076892985,0.9150545418512587,0.9999375726201886,737.4
41,11.75940573554344,455.4772452419532,150.70920940361492,1.011984282995981,0.14628439623200926,0.8536378313436557,0.999922227575665,1625.4
42,13.058929397328601,473.014792926938,248.7878423410828,2.217808929423018,0.03407206017501356,0.9659403793444006,1.000012439519414,1700.5
43,9.73834060613175,475.133242562398,186.81413409340826,2.4971930862879796,0.08767809548427435,0.912311952304913,0.9999900477891874,917.3
44,11.159354779166033,422.93255090821697,337.95134472393784,1.578211998783941,0.018821762222792596,0.9811737513991656,0.9999955136219583,1175.0
45,8.772751564400307,429.3886528339628,222.83809016505646,2.5427544342605755,0.11973242252922507,0.8801912684191587,0.9999236909483838,810.5
46,10.255830743310211,409.03820570173383,240.1097594630262,1.6815958332461554,0.10832342868651663,0.8916649363372552,0.9999883650237719,1375.8
47,9.427752164302285,414.03654059182736,171.0966118727759,0.6724393390621447,0.1598951295907201,0.839930270663469,0.9998254002541891,1040.9
