w_nm,lam_nm,n_eff,n_g
400.0,1500.0,2.2966305894793613,4.352130344005397
400.0,1525.0,2.2623722602372607,4.382919675350206
400.0,1550.0,2.2271044447215598,4.423473724609973
400.0,1575.0,2.1915216383053764,4.429701019703171
400.0,1600.0,2.1560511310263917,4.426163596881413
425.0,1500.0,2.3600459340134012,4.297467621292183
425.0,1525.0,2.327755572558755,4.3301158432017335
425.0,1550.0,2.2943947775988773,4.375163947263145
425.0,1575.0,2.2606339864405527,4.387198228324191
425.0,1600.0,2.2268848016660634,4.386832627233378
440.0,1500.0,2.394454780044665,4.264762691668084
440.0,1525.0,2.363282981517608,4.297932774144594
440.0,1550.0,2.3310236393027965,4.344292500657631
440.0,1575.0,2.29833882469971,4.358190781379747
440.0,1600.0,2.2656315136939065,4.358899418065336
450.0,1500.0,2.4151496619319035,4.243712914909321
450.0,1525.0,2.384673607715613,4.27703835610417
450.0,1550.0,2.3531049160830984,4.323882088762039
450.0,1575.0,2.3211001505324216,4.338581934387713
450.0,1600.0,2.2890578753257875,4.339763488550367
475.0,1500.0,2.460975927788977,4.194287900778155
475.0,1525.0,2.432087394905824,4.227619106279521
475.0,1550.0,2.4021060356127903,4.274823321546755
475.0,1575.0,2.3716771598756963,4.290508408181761
475.0,1600.0,2.3411907578887883,4.2923204850509
500.0,1500.0,2.5012705042227927,4.1493475321785445
500.0,1525.0,2.4738025537568635,4.182368516049272
500.0,1550.0,2.445251948082058,4.229205908835433
500.0,1575.0,2.4162556517970772,4.24497319535884
500.0,1600.0,2.387197422889621,4.246924072966813
