depth,width,lr,wd,val_mse,epochs
2,32,0.0001,1e-06,0.01347911,300
2,32,0.0001,1e-05,0.01348016,300
2,32,0.0001,0.0001,0.01349278,300
2,32,0.0005,1e-06,0.01048009,300
2,32,0.0005,1e-05,0.01047924,300
2,32,0.0005,0.0001,0.01052745,300
2,32,0.001,1e-06,0.01014887,260
2,32,0.001,1e-05,0.01015161,280
2,32,0.001,0.0001,0.01014895,280
2,32,0.005,1e-06,0.01000793,83
2,32,0.005,1e-05,0.01000340,83
2,32,0.005,0.0001,0.00999814,81
2,64,0.0001,1e-06,0.01163249,300
2,64,0.0001,1e-05,0.01163479,300
2,64,0.0001,0.0001,0.01165047,300
2,64,0.0005,1e-06,0.01024200,141
2,64,0.0005,1e-05,0.01023334,141
2,64,0.0005,0.0001,0.01023100,300
2,64,0.001,1e-06,0.01020957,141
2,64,0.001,1e-05,0.01020390,141
2,64,0.001,0.0001,0.01017749,141
2,64,0.005,1e-06,0.01007170,82
2,64,0.005,1e-05,0.01011150,82
2,64,0.005,0.0001,0.01000627,82
2,128,0.0001,1e-06,0.01075248,300
2,128,0.0001,1e-05,0.01075226,300
2,128,0.0001,0.0001,0.01078975,300
2,128,0.0005,1e-06,0.01019932,114
2,128,0.0005,1e-05,0.01019552,114
2,128,0.0005,0.0001,0.01016936,248
2,128,0.001,1e-06,0.01013019,95
2,128,0.001,1e-05,0.01013399,73
2,128,0.001,0.0001,0.01009613,114
2,128,0.005,1e-06,0.01019405,77
2,128,0.005,1e-05,0.01010989,82
2,128,0.005,0.0001,0.00998514,113
2,256,0.0001,1e-06,0.01046825,300
2,256,0.0001,1e-05,0.01047063,300
2,256,0.0001,0.0001,0.01052407,300
2,256,0.0005,1e-06,0.01021036,158
2,256,0.0005,1e-05,0.01023669,145
2,256,0.0005,0.0001,0.01018825,158
2,256,0.001,1e-06,0.01024363,84
2,256,0.001,1e-05,0.01022706,84
2,256,0.001,0.0001,0.01015481,136
2,256,0.005,1e-06,0.01015954,66
2,256,0.005,1e-05,0.01012884,66
2,256,0.005,0.0001,0.00997188,136
3,32,0.0001,1e-06,0.01221899,300
3,32,0.0001,1e-05,0.01221824,300
3,32,0.0001,0.0001,0.01221275,300
3,32,0.0005,1e-06,0.01046741,300
3,32,0.0005,1e-05,0.01045568,300
3,32,0.0005,0.0001,0.01047541,300
3,32,0.001,1e-06,0.01030008,232
3,32,0.001,1e-05,0.01030602,232
3,32,0.001,0.0001,0.01024205,286
3,32,0.005,1e-06,0.01003934,59
3,32,0.005,1e-05,0.01003687,59
3,32,0.005,0.0001,0.01001790,80
3,64,0.0001,1e-06,0.01128946,300
3,64,0.0001,1e-05,0.01128681,300
3,64,0.0001,0.0001,0.01129640,300
3,64,0.0005,1e-06,0.01015617,124
3,64,0.0005,1e-05,0.01014429,124
3,64,0.0005,0.0001,0.01011831,229
3,64,0.001,1e-06,0.01014729,124
3,64,0.001,1e-05,0.01014547,100
3,64,0.001,0.0001,0.01003996,129
3,64,0.005,1e-06,0.01020997,51
3,64,0.005,1e-05,0.01019418,68
3,64,0.005,0.0001,0.00992933,96
3,128,0.0001,1e-06,0.01071821,300
3,128,0.0001,1e-05,0.01072238,300
3,128,0.0001,0.0001,0.01072998,300
3,128,0.0005,1e-06,0.01021926,145
3,128,0.0005,1e-05,0.01019668,145
3,128,0.0005,0.0001,0.01017323,300
3,128,0.001,1e-06,0.01018506,72
3,128,0.001,1e-05,0.01015240,90
3,128,0.001,0.0001,0.01002736,155
3,128,0.005,1e-06,0.01010546,51
3,128,0.005,1e-05,0.01008179,56
3,128,0.005,0.0001,0.00993732,79
3,256,0.0001,1e-06,0.01022943,300
3,256,0.0001,1e-05,0.01024099,300
3,256,0.0001,0.0001,0.01027962,300
3,256,0.0005,1e-06,0.01019040,75
3,256,0.0005,1e-05,0.01016020,68
3,256,0.0005,0.0001,0.01009615,100
3,256,0.001,1e-06,0.01016545,61
3,256,0.001,1e-05,0.01016465,61
3,256,0.001,0.0001,0.01004921,94
3,256,0.005,1e-06,0.01008722,66
3,256,0.005,1e-05,0.00997614,66
3,256,0.005,0.0001,0.00996846,143
4,32,0.0001,1e-06,0.01133126,300
4,32,0.0001,1e-05,0.01133664,300
4,32,0.0001,0.0001,0.01133003,300
4,32,0.0005,1e-06,0.01030484,139
4,32,0.0005,1e-05,0.01030836,139
4,32,0.0005,0.0001,0.01022720,300
4,32,0.001,1e-06,0.01028661,89
4,32,0.001,1e-05,0.01024049,89
4,32,0.001,0.0001,0.01013949,139
4,32,0.005,1e-06,0.01002152,68
4,32,0.005,1e-05,0.00994463,68
4,32,0.005,0.0001,0.00994057,139
4,64,0.0001,1e-06,0.01070060,300
4,64,0.0001,1e-05,0.01069192,300
4,64,0.0001,0.0001,0.01071918,300
4,64,0.0005,1e-06,0.01004808,124
4,64,0.0005,1e-05,0.01006050,124
4,64,0.0005,0.0001,0.01007442,142
4,64,0.001,1e-06,0.01011458,56
4,64,0.001,1e-05,0.01007354,66
4,64,0.001,0.0001,0.01005384,140
4,64,0.005,1e-06,0.01018292,54
4,64,0.005,1e-05,0.01010782,54
4,64,0.005,0.0001,0.00992611,177
4,128,0.0001,1e-06,0.01055767,300
4,128,0.0001,1e-05,0.01054875,300
4,128,0.0001,0.0001,0.01051973,300
4,128,0.0005,1e-06,0.01025056,68
4,128,0.0005,1e-05,0.01022018,68
4,128,0.0005,0.0001,0.01007656,118
4,128,0.001,1e-06,0.01020711,57
4,128,0.001,1e-05,0.01018556,57
4,128,0.001,0.0001,0.01006102,72
4,128,0.005,1e-06,0.01010226,51
4,128,0.005,1e-05,0.00999110,57
4,128,0.005,0.0001,0.00997831,72
4,256,0.0001,1e-06,0.01023303,139
4,256,0.0001,1e-05,0.01023558,162
4,256,0.0001,0.0001,0.01025846,241
4,256,0.0005,1e-06,0.01023810,57
4,256,0.0005,1e-05,0.01018561,57
4,256,0.0005,0.0001,0.01004988,106
4,256,0.001,1e-06,0.01036492,67
4,256,0.001,1e-05,0.01020869,67
4,256,0.001,0.0001,0.00997635,100
4,256,0.005,1e-06,0.01013457,67
4,256,0.005,1e-05,0.01006564,68
4,256,0.005,0.0001,0.00990808,129
